{"download_s": 7.39264385199931, "model_backtest_s": 0.06664895500580315, "total_s": 7.459292807005113, "rows": 822, "test_rows": 241, "total_return": 0.6260451246689047}